{"kcat":[202.755,521.467],"kcat_phos":[],"km":[0.184704,0.00838272,0.0173742],"dgf":[-1550.85,-1377.01,-1304.67,-2031.67,-1956.18],"ki":[],"diss_t":[0.0174603],"diss_r":[],"transfer_constant":[51.075],"conc_unbalanced":[[1.83047,0.590212,0.0326253],[31.1087,1.18248,0.039696],[5.44567,2.18418,0.015133],[2.10103,1.02264,0.0165636],[1.84002,0.880343,0.0361152]],"drain":[[-0.00119171,0.187419],[0.439425,2.02328],[0.10135,1.11676],[0.0608604,0.753771],[0.239369,0.699857]],"conc_enzyme":[[0.009383,0.00460731],[0.0222096,0.00977975],[0.0155106,0.00980632],[0.0102577,0.00737784],[0.0124465,0.0109855]],"conc_phos":[],"log_kcat_z":[0.7647152719468586,0.49833503925097666],"log_kcat_phos_z":[],"log_km_z":[0.29849622248411034,0.5563471181258883,-1.4025393435189026],"dgf_z":[1.312500000000038,0.23793103448277744,0.023076923076902088,0.14402985074625643,0.8373134328358229],"log_ki_z":[],"log_diss_t_z":[-0.6790127057978101],"log_diss_r_z":[],"log_transfer_constant_z":[0.10636067637769919],"log_conc_unbalanced_z":[[-0.6784623478522791,-1.7965455738696774,0.08043600283653474],[2.7304873042755746,1.0319044144157234,1.0551079614751262],[-1.2262896700815848,2.9109056087602134,1.106266853877717],[0.5238022414508446,-0.34315510776327696,-1.5320419099100948],[-1.0289691015827385,-2.2592479562752663,-0.1425742584899785]],"drain_z":[[-0.5719447236748038,2.6828526477044226],[0.2018013027636547,-0.3350778417948994],[0.9092293812970553,0.8582344393925904],[-0.5496776307842152,0.06949749157047226],[-0.6976777590910199,0.7240655723390607]],"log_conc_enzyme_z":[[-1.250192992883694,0.15100620133994766],[-0.21002507552087107,-0.0748987414369063],[0.2987445348948988,1.1314864281559796],[-0.7464804942864186,0.01120480251650999],[-0.6839730241430794,0.7435333503985394]],"log_conc_phos_z":[]}