{"kcat":[193.143,606.759],"kcat_phos":[],"km":[0.172556,0.00821486,0.0204504],"dgf":[-1553.35,-1380.81,-1305.34,-2032.41,-1965.01],"ki":[],"diss_t":[0.0171753],"diss_r":[],"transfer_constant":[53.1472],"conc_unbalanced":[[1.55187,0.599045,0.0371499],[17.9001,1.04547,0.0329721],[8.34563,1.52612,0.0130539],[2.48255,0.967266,0.0171799],[2.07253,1.59547,0.0400556]],"drain":[[0.00243359,0.183274],[0.443878,2.01877],[0.131015,1.06036],[0.0916535,0.731143],[0.267795,0.693001]],"conc_enzyme":[[0.00934905,0.00516019],[0.0322382,0.0117584],[0.0149588,0.00792972],[0.011429,0.00743301],[0.0141727,0.00722743]],"conc_phos":[],"log_kcat_z":[0.5218777398888186,1.2557634601923207],"log_kcat_phos_z":[],"log_km_z":[-0.04166738872682707,0.4552084440270132,-0.5874588686471527],"dgf_z":[0.27083333333337123,-1.072413793103414,-0.49230769230759436,0.08880597014924084,0.17835820895523133],"log_ki_z":[],"log_diss_t_z":[-0.7612998417461037],"log_diss_r_z":[],"log_transfer_constant_z":[0.3052120844043116],"log_conc_unbalanced_z":[[-1.5536872040487881,-1.7207075388173017,0.7013263078008294],[0.7884676867497541,0.3468264350221913,-0.16921111397539743],[2.164112796429496,0.0416458597633537,0.059353808892622824],[1.3885184091060767,-0.8861295874384827,-1.216313810496807],[-0.6699160255038588,0.3234493083633689,0.26188712441004647]],"drain_z":[[0.8389177459357874,1.673825444866583],[0.39154443581351606,-0.5271846214731812],[1.6022168966124533,-0.08615218927825427],[0.457848047573197,-2.9519409951572544],[-0.12748691746398325,0.5620939295197029]],"log_conc_enzyme_z":[[-1.2812505865783217,1.1467150554829848],[2.2895532404358465,0.836643662313816],[0.14333119880995826,-0.3855426319801224],[0.9792606825594172,0.14732692104980855],[0.03257105944629448,-1.4401810159943638]],"log_conc_phos_z":[]}