{"N_mic":5,"N_unbalanced":3,"N_metabolite":5,"N_km":3,"N_reaction":4,"N_enzyme":2,"N_edge":4,"N_phosphorylation_enzymes":0,"N_experiment":5,"N_flux_measurement":5,"N_enzyme_measurement":0,"N_conc_measurement":5,"N_ki":0,"N_ai":1,"N_aa":0,"N_ae":1,"N_pa":0,"N_pi":0,"N_drain":2,"unbalanced_mic_ix":[3,4,5],"balanced_mic_ix":[1,2],"ix_ci":[],"ix_ai":[1],"ix_aa":[],"ix_pa":[],"ix_pi":[],"S":[[0,1,-1,-1],[1,-1,0,0],[-1,0,0,0],[-1,0,0,0],[1,0,0,0]],"edge_type":[3,3,2,2],"edge_to_enzyme":[1,2,0,0],"edge_to_drain":[0,0,1,2],"edge_to_reaction":[2,4,1,3],"water_stoichiometry":[0.0,-1.0,0.0,0.0],"mic_to_met":[1,2,3,4,5],"km_lookup":[[0,0,0,0],[0,3,0,0],[1,0,0,0],[2,0,0,0],[0,0,0,0]],"is_knockout":[[0,0],[0,0],[0,0],[0,0],[0,0]],"is_phos_knockout":[[],[],[],[],[]],"subunits":[1,1],"n_ci":[0,0,0,0],"n_ai":[1,0,0,0],"n_aa":[0,0,0,0],"n_pa":[0,0,0,0],"n_pi":[0,0,0,0],"priors_dgf":[[-1554.0,-1377.7,-1304.7,-2033.6,-1967.4],[2.4,2.9,1.3,13.4,13.4]],"priors_kcat":[[174.0,472.0],[0.2,0.2]],"priors_km":[[0.174,0.0075,0.023],[0.2,0.2,0.2]],"priors_ki":[[],[]],"priors_diss_t":[[0.02],[0.2]],"priors_diss_r":[[],[]],"priors_kcat_phos":[[],[]],"priors_transfer_constant":[[50.0],[0.2]],"priors_conc_unbalanced":[[[2.080410885,0.839145184,0.032080972],[14.3022308,0.982281017,0.033828771],[6.354952226,1.518199278,0.01294498],[1.899048646,1.059259421,0.019776187],[2.587744627,1.480975399,0.037457886]],[[0.188651074,0.195876991,0.209172244],[0.284590958,0.179756738,0.151585221],[0.125919343,0.124949268,0.141168219],[0.192963383,0.102526481,0.115708989],[0.331409616,0.230229089,0.256031018]]],"priors_conc_enzyme":[[[0.010857028,0.0045288],[0.022915977,0.009928938],[0.014467315,0.00836955],[0.010748852,0.007373317],[0.014089275,0.00952591]],[[0.116712437,0.113817636],[0.149076128,0.202134269],[0.233081064,0.140016665],[0.062654437,0.054730108],[0.181256287,0.191734193]]],"priors_conc_phos":[[],[]],"priors_drain":[[[0.000277938,0.176398064],[0.434689012,2.031146464],[0.062428246,1.065505121],[0.077660248,0.753250523],[0.274150667,0.669208465]],[[0.002569563,0.004107917],[0.02346857,0.023476527],[0.042807409,0.059721303],[0.030563092,0.007489148],[0.049853484,0.042328397]]],"yconc":[0.664725857,8.482048509,3.977995523,0.847520333,0.613221178],"sigma_conc":[0.360471142,0.121705576,0.266665063,0.21487108,0.512390769],"experiment_yconc":[1,2,3,4,5],"mic_ix_yconc":[1,1,1,1,1],"yflux":[0.188050845,2.462704705,1.157005287,0.824663441,0.917131173],"sigma_flux":[0.00299335,0.006270476,0.038771772,0.023155893,0.079030554],"experiment_yflux":[1,2,3,4,5],"reaction_yflux":[2,2,2,2,2],"yenz":[],"sigma_enz":[],"experiment_yenz":[],"enzyme_yenz":[],"LIKELIHOOD":1,"reject_non_steady":0,"conc_init":[[0.664725857,0.01,2.080410885,0.839145184,0.032080972],[8.482048509,0.01,14.3022308,0.982281017,0.033828771],[3.977995523,0.01,6.354952226,1.518199278,0.01294498],[0.847520333,0.01,1.899048646,1.059259421,0.019776187],[0.613221178,0.01,2.587744627,1.480975399,0.037457886]],"rel_tol":1e-9,"abs_tol":1e-9,"rel_tol_forward":1e-6,"abs_tol_forward":[0.0001,0.0001],"rel_tol_backward":1e-6,"abs_tol_backward":[1e-5,1e-5],"rel_tol_quadrature":1e-6,"abs_tol_quadrature":1e-6,"max_num_steps":1000000000,"num_steps_between_checkpoints":150,"interpolation_polynomial":1,"solver_forward":2,"solver_backward":2,"timepoint":1000}